{
    "0": {
        "precision": 0.9329608938547486,
        "recall": 0.9709302325581395,
        "f1-score": 0.9515669515669516,
        "support": 172.0
    },
    "1": {
        "precision": 0.6428571428571429,
        "recall": 0.42857142857142855,
        "f1-score": 0.5142857142857142,
        "support": 21.0
    },
    "accuracy": 0.9119170984455959,
    "macro avg": {
        "precision": 0.7879090183559457,
        "recall": 0.699750830564784,
        "f1-score": 0.7329263329263329,
        "support": 193.0
    },
    "weighted avg": {
        "precision": 0.9013952007410194,
        "recall": 0.9119170984455959,
        "f1-score": 0.9039871278213248,
        "support": 193.0
    },
    "roc_auc": 0.930232558139535
}