{
    "0": {
        "precision": 0.9567901234567902,
        "recall": 0.9011627906976745,
        "f1-score": 0.9281437125748503,
        "support": 172.0
    },
    "1": {
        "precision": 0.45161290322580644,
        "recall": 0.6666666666666666,
        "f1-score": 0.5384615384615384,
        "support": 21.0
    },
    "accuracy": 0.8756476683937824,
    "macro avg": {
        "precision": 0.7042015133412983,
        "recall": 0.7839147286821706,
        "f1-score": 0.7333026255181944,
        "support": 193.0
    },
    "weighted avg": {
        "precision": 0.9018226538979784,
        "recall": 0.8756476683937824,
        "f1-score": 0.8857430615055261,
        "support": 193.0
    },
    "roc_auc": 0.9325858250276855
}