{
    "0": {
        "precision": 0.9741935483870968,
        "recall": 0.877906976744186,
        "f1-score": 0.9235474006116208,
        "support": 172.0
    },
    "1": {
        "precision": 0.4473684210526316,
        "recall": 0.8095238095238095,
        "f1-score": 0.576271186440678,
        "support": 21.0
    },
    "accuracy": 0.8704663212435233,
    "macro avg": {
        "precision": 0.7107809847198642,
        "recall": 0.8437153931339978,
        "f1-score": 0.7499092935261493,
        "support": 193.0
    },
    "weighted avg": {
        "precision": 0.9168706070709114,
        "recall": 0.8704663212435233,
        "f1-score": 0.8857608695360258,
        "support": 193.0
    },
    "roc_auc": 0.9296788482834994
}