{
    "0": {
        "precision": 0.9636363636363636,
        "recall": 0.9244186046511628,
        "f1-score": 0.9436201780415431,
        "support": 172.0
    },
    "1": {
        "precision": 0.5357142857142857,
        "recall": 0.7142857142857143,
        "f1-score": 0.6122448979591837,
        "support": 21.0
    },
    "accuracy": 0.9015544041450777,
    "macro avg": {
        "precision": 0.7496753246753247,
        "recall": 0.8193521594684385,
        "f1-score": 0.7779325380003634,
        "support": 193.0
    },
    "weighted avg": {
        "precision": 0.9170748940178992,
        "recall": 0.9015544041450777,
        "f1-score": 0.9075638004160015,
        "support": 193.0
    },
    "roc_auc": 0.9346622369878185
}