{
    "0": {
        "precision": 0.9585798816568047,
        "recall": 0.9418604651162791,
        "f1-score": 0.9501466275659824,
        "support": 172.0
    },
    "1": {
        "precision": 0.5833333333333334,
        "recall": 0.6666666666666666,
        "f1-score": 0.6222222222222222,
        "support": 21.0
    },
    "accuracy": 0.9119170984455959,
    "macro avg": {
        "precision": 0.7709566074950691,
        "recall": 0.8042635658914729,
        "f1-score": 0.7861844248941023,
        "support": 193.0
    },
    "weighted avg": {
        "precision": 0.917749946346997,
        "recall": 0.9119170984455959,
        "f1-score": 0.9144657337202883,
        "support": 193.0
    },
    "roc_auc": 0.925110741971207
}