{
    "0": {
        "precision": 0.967741935483871,
        "recall": 0.872093023255814,
        "f1-score": 0.9174311926605505,
        "support": 172.0
    },
    "1": {
        "precision": 0.42105263157894735,
        "recall": 0.7619047619047619,
        "f1-score": 0.5423728813559322,
        "support": 21.0
    },
    "accuracy": 0.8601036269430051,
    "macro avg": {
        "precision": 0.6943972835314092,
        "recall": 0.8169988925802879,
        "f1-score": 0.7299020370082414,
        "support": 193.0
    },
    "weighted avg": {
        "precision": 0.9082576070797084,
        "recall": 0.8601036269430051,
        "f1-score": 0.8766217390989081,
        "support": 193.0
    },
    "roc_auc": 0.9321705426356589
}